num_train_images,mean_precision,std_precision,mean_recall,std_recall,mean_f1_score,std_f1_score
38,0.8321428571428571,0.1699256206500008,0.7428571428571428,0.19868473414625099,0.7707142857142857,0.18839427705776499
