num_train_images,mean_precision,std_precision,mean_recall,std_recall,mean_f1_score,std_f1_score
60,0.95,0.06666666666666667,0.9111111111111111,0.056655772373253144,0.9216666666666666,0.05617433182117572
